City ID,City,Lat,Lng,Max Temp,Humidity,Cloudiness,Wind Speed,Country,Date
0,olonkinbyen,70.9221,-8.7187,-3.409999999999968,83,98,6.75,SJ,1713735174
1,labrador city,52.9463,-66.9114,-0.049999999999954525,43,40,3.09,CA,1713735010
2,port elizabeth,-33.918,25.5701,20.610000000000014,96,20,4.12,ZA,1713735175
3,san antonio de pale,-1.4014,5.6325,28.99000000000001,81,70,2.85,GQ,1713735176
4,vilyuchinsk,52.9306,158.4028,2.150000000000034,85,66,0.37,RU,1713735176
5,ushuaia,-54.8,-68.3,6.810000000000002,76,40,12.35,AR,1713735078
6,college,64.8569,-147.8028,12.180000000000007,33,0,0.0,US,1713734938
7,benghazi,32.1167,20.0667,25.379999999999995,24,100,13.38,LY,1713735178
8,adamstown,-25.066,-130.1015,22.360000000000014,71,83,9.09,PN,1713734927
9,sisimiut,66.9395,-53.6735,1.4700000000000273,90,99,12.6,GL,1713735166
10,st. john's,47.5649,-52.7093,7.0400000000000205,94,100,9.77,CA,1713735182
11,grytviken,-54.2811,-36.5092,2.920000000000016,95,100,2.88,GS,1713734895
12,blackmans bay,-43.0167,147.3167,10.07000000000005,92,14,1.82,AU,1713735183
13,kavaratti,10.5669,72.642,29.78000000000003,78,63,4.88,IN,1713734964
14,puerto ayora,-0.7393,-90.3518,30.980000000000018,92,23,1.79,EC,1713735184
15,port-aux-francais,-49.35,70.2167,5.2000000000000455,69,8,11.46,TF,1713735184
16,barah,13.7,30.3667,29.860000000000014,13,51,4.96,SD,1713735184
17,atafu village,-8.5421,-172.5159,29.57000000000005,77,48,5.43,TK,1713735185
18,englewood,39.6478,-104.9878,18.950000000000045,38,20,3.09,US,1713735185
19,margaret river,-33.95,115.0667,16.52000000000004,76,96,7.85,AU,1713734954
20,ust-nera,64.5667,143.2,-2.919999999999959,90,100,1.03,RU,1713735202
21,petropavlovsk-kamchatsky,53.0452,158.6483,1.330000000000041,97,40,5.0,RU,1713735204
22,pisco,-13.7,-76.2167,25.03000000000003,69,0,7.72,PE,1713735204
23,sola,-13.8833,167.55,28.510000000000048,79,97,3.5,VU,1713735204
24,diffa,13.3154,12.6113,33.379999999999995,11,9,2.63,NE,1713735205
25,puerto natales,-51.7236,-72.4875,8.25,57,75,5.66,CL,1713734917
26,daru,-9.0763,143.2092,27.720000000000027,88,99,3.65,PG,1713735208
27,kodiak,57.79,-152.4072,5.730000000000018,75,100,3.09,US,1713735209
28,paranaiba,-19.6772,-51.1908,25.640000000000043,57,11,1.55,BR,1713735209
29,afaahiti,-17.75,-149.2833,24.930000000000007,76,55,3.43,PF,1713735209
30,hamilton,39.1834,-84.5333,12.730000000000018,47,75,4.63,US,1713735108
31,tolanaro,-25.0319,46.9987,23.04000000000002,88,75,0.0,MG,1713734985
32,urengoy,65.9667,78.3667,-16.079999999999984,96,100,4.55,RU,1713735218
33,new norfolk,-42.7826,147.0587,10.720000000000027,90,22,1.31,AU,1713735218
34,enewetak,11.3474,162.3373,27.879999999999995,74,77,6.99,MH,1713735218
35,sierra grande,-41.606,-65.3557,10.57000000000005,49,92,4.52,AR,1713735219
36,linxia chengguanzhen,35.6003,103.2064,8.310000000000002,47,100,1.18,CN,1713735220
37,cockburn town,21.4612,-71.1419,26.980000000000018,61,40,8.23,TC,1713735195
38,kruisfontein,-34.0033,24.7314,19.379999999999995,86,100,1.82,ZA,1713735221
39,mount gambier,-37.8333,140.7667,6.890000000000043,94,7,1.86,AU,1713735221
40,stanley,54.868,-1.6985,5.710000000000036,90,40,1.03,GB,1713735011
41,hermanus,-34.4187,19.2345,15.620000000000005,91,30,3.43,ZA,1713735222
42,al bawiti,28.3492,28.8659,21.150000000000034,23,1,3.03,EG,1713735222
43,altai,46.3722,96.2583,-5.259999999999991,52,0,3.59,MN,1713735223
44,edinburgh of the seven seas,-37.0676,-12.3116,16.930000000000007,79,44,7.96,SH,1713735224
45,waitangi,-43.9535,-176.5597,14.340000000000032,93,55,2.68,NZ,1713735225
46,hawaiian paradise park,19.5933,-154.9731,24.370000000000005,93,100,2.06,US,1713735225
47,aldinga beach,-35.2793,138.4604,14.670000000000016,52,1,2.32,AU,1713735227
48,manaure,11.7751,-72.4445,31.160000000000025,57,99,5.65,CO,1713735227
49,jamestown,42.097,-79.2353,6.3700000000000045,54,100,6.26,US,1713735227
50,polyarnyy,69.1989,33.4478,-12.310000000000002,86,76,2.56,RU,1713735228
51,cukai,4.25,103.4167,25.970000000000027,90,93,0.92,MY,1713734959
52,greenville,35.6127,-77.3663,11.189999999999998,97,100,3.6,US,1713735229
53,fort frances,48.5999,-93.4003,14.120000000000005,31,0,4.12,CA,1713735157
54,nabire,-3.3667,135.4833,25.79000000000002,91,89,1.26,ID,1713735118
55,udachny,66.4167,112.4,-1.419999999999959,95,100,1.57,RU,1713735235
56,serdar,38.9764,56.2757,23.220000000000027,28,3,0.6,TM,1713735235
57,avarua,-21.2078,-159.775,27.03000000000003,74,40,4.63,CK,1713734940
58,shangmei,27.7428,111.2956,17.05000000000001,91,52,0.66,CN,1713735236
59,san juan de la maguana,18.8059,-71.2299,25.970000000000027,64,63,3.34,DO,1713735088
60,san pedro pochutla,15.7333,-96.4667,32.0,37,1,3.3,MX,1713735236
61,cam ranh,11.9214,109.1591,28.980000000000018,74,20,3.09,VN,1713735237
62,longyearbyen,78.2186,15.6401,1.910000000000025,69,75,4.63,SJ,1713735159
63,saint-philippe,-21.3585,55.7679,23.390000000000043,87,7,1.9,RE,1713735238
64,gulf shores,30.246,-87.7008,22.810000000000002,65,0,5.14,US,1713735002
65,walvis bay,-22.9575,14.5053,15.53000000000003,82,1,1.54,NA,1713735239
66,surgut,61.25,73.4167,-0.049999999999954525,100,75,4.0,RU,1713735240
67,ulladulla,-35.35,150.4667,12.350000000000023,87,1,1.73,AU,1713734966
68,salekhard,66.53,66.6019,-24.21999999999997,99,36,1.34,RU,1713735240
69,aktau,43.65,51.2,20.32000000000005,76,77,7.33,KZ,1713735244
70,mocimboa,-11.3167,40.35,24.54000000000002,91,36,3.73,MZ,1713735244
71,punta del este,-34.9667,-54.95,18.060000000000002,93,100,4.92,UY,1713735012
72,'alaqahdari dishu,30.4374,63.313,23.29000000000002,23,0,0.92,AF,1713735245
73,barillas,15.8036,-91.3158,25.5,48,36,2.4,GT,1713735245
74,mormugao,15.4,73.8,27.590000000000032,69,20,2.57,IN,1713735246
75,bilibino,68.0546,166.4372,-11.829999999999984,75,100,0.97,RU,1713734964
76,dhalie,13.6957,44.7314,20.970000000000027,77,51,1.09,YE,1713735246
77,port mathurin,-19.6833,63.4167,26.910000000000025,81,100,7.73,MU,1713735247
78,luderitz,-26.6481,15.1594,18.100000000000023,67,40,3.31,NA,1713735254
79,qamdo,31.1667,97.2333,2.0400000000000205,66,100,1.69,CN,1713735188
80,whitehorse,60.7161,-135.0538,12.430000000000007,18,20,4.63,CA,1713735256
81,williams lake,52.1415,-122.1445,13.920000000000016,29,75,6.69,CA,1713735257
82,fortuna,40.5982,-124.1573,17.74000000000001,61,0,7.2,US,1713734963
83,arraial do cabo,-22.9661,-42.0278,23.920000000000016,73,0,3.6,BR,1713735022
84,georgetown,5.4112,100.3354,27.970000000000027,80,20,1.54,MY,1713735261
85,lerwick,60.1545,-1.1494,8.0,94,100,3.41,GB,1713735261
86,minas de marcona,-15.2119,-75.1103,19.350000000000023,70,8,6.44,PE,1713735262
87,chilecito,-29.1619,-67.4974,22.75,45,19,6.46,AR,1713735265
88,tralee,52.2704,-9.7026,9.480000000000018,90,92,1.1,IE,1713735265
89,cabo san lucas,22.8909,-109.9124,32.610000000000014,30,0,4.63,MX,1713734980
90,vilyuysk,63.7553,121.6247,0.5600000000000023,100,100,3.58,RU,1713735270
91,gua musang,4.8823,101.9644,23.670000000000016,99,100,0.45,MY,1713735271
92,kapuskasing,49.4169,-82.4331,-2.9499999999999886,43,75,8.23,CA,1713735272
93,albany,42.6001,-73.9662,8.840000000000032,49,100,1.79,US,1713734797
94,akjoujt,19.6969,-14.4164,29.060000000000002,16,7,5.09,MR,1713735274
95,malango,-2.9627,119.9001,19.150000000000034,97,99,1.21,ID,1713735275
96,coquimbo,-29.9533,-71.3436,18.850000000000023,72,40,3.6,CL,1713735085
97,selkirk,50.1436,-96.8845,17.27000000000004,25,11,3.58,CA,1713735133
98,jiangzi,28.95,89.6333,-1.089999999999975,61,32,2.65,CN,1713735280
99,ancud,-41.8697,-73.8203,8.930000000000007,65,100,2.85,CL,1713735280
100,howrah,22.5892,88.3103,32.0,70,40,3.6,IN,1713735280
101,san martin,-33.081,-68.4681,19.30000000000001,58,60,5.28,AR,1713735006
102,greymouth,-42.4667,171.2,13.400000000000034,83,53,4.97,NZ,1713735281
103,bethel,41.3712,-73.414,10.200000000000045,42,0,5.14,US,1713735283
104,codrington,-38.2667,141.9667,8.129999999999995,88,4,2.93,AU,1713735283
105,san patricio,28.017,-97.5169,23.400000000000034,53,74,7.04,US,1713735283
106,west island,-12.1568,96.8225,27.99000000000001,78,75,8.75,CC,1713735291
107,mar del plata,-38.0023,-57.5575,15.610000000000014,56,0,5.14,AR,1713735294
108,rikaze,29.25,88.8833,5.080000000000041,29,2,2.31,CN,1713735295
109,invercargill,-46.4,168.35,8.900000000000034,89,91,8.05,NZ,1713735195
110,quellon,-43.1167,-73.6167,7.710000000000036,80,100,4.53,CL,1713735295
111,ilulissat,69.2167,-51.1,7.010000000000048,53,75,6.17,GL,1713735202
112,arkalyk,50.2486,66.9114,15.520000000000039,59,0,4.22,KZ,1713735300
113,freetown,8.484,-13.2299,26.629999999999995,85,100,3.55,SL,1713735301
114,tiksi,71.6872,128.8694,-5.079999999999984,96,100,3.57,RU,1713735302
115,port alfred,-33.5906,26.891,21.210000000000036,96,100,3.13,ZA,1713735303
116,mawlaik,23.6333,94.4167,23.879999999999995,61,81,0.41,MM,1713735304
117,thompson,55.7435,-97.8558,5.090000000000032,24,20,1.54,CA,1713735305
118,yarkovo,57.4028,67.0786,7.970000000000027,78,22,3.16,RU,1713735306
119,loiza,18.4313,-65.8802,26.930000000000007,87,100,6.17,PR,1713735306
120,tevriz,57.509,72.4042,4.800000000000011,84,17,3.28,RU,1713735306
121,chonchi,-42.6128,-73.8092,11.560000000000002,84,100,1.01,CL,1713735307
122,dalbandin,28.8947,64.4101,22.760000000000048,24,0,1.6,PK,1713735307
123,remire-montjoly,4.9167,-52.2667,27.02000000000004,89,0,1.54,GF,1713735308
124,hithadhoo,-0.6,73.0833,28.99000000000001,73,100,0.02,MV,1713735308
125,port lincoln,-34.7333,135.8667,14.390000000000043,69,0,3.26,AU,1713735311
126,westport,41.1415,-73.3579,11.050000000000011,40,20,5.14,US,1713735186
127,olinda,-8.0089,-34.8553,28.850000000000023,84,40,5.14,BR,1713735289
128,san mariano,7.5,126.0,23.129999999999995,86,100,0.77,PH,1713735316
129,san luis de la loma,17.2706,-100.8939,29.310000000000002,50,0,4.3,MX,1713735317
130,puerto aysen,-45.4,-72.7,4.75,94,6,1.07,CL,1713735317
131,holualoa,19.6228,-155.9522,24.910000000000025,87,40,3.6,US,1713735321
132,wynyard,-41.0,145.7167,11.29000000000002,83,63,2.27,AU,1713735321
133,badger,64.8,-147.5333,12.140000000000043,33,0,0.0,US,1713735321
134,acapulco de juarez,16.8634,-99.8901,27.900000000000034,74,40,6.69,MX,1713735302
135,banda aceh,5.5577,95.3222,27.220000000000027,83,100,1.03,ID,1713735323
136,iqaluit,63.7506,-68.5145,-15.149999999999977,72,100,6.17,CA,1713735324
137,vadso,70.0744,29.7487,-2.909999999999968,68,75,7.2,NO,1713735324
138,dunedin,-45.8742,170.5036,11.0,67,29,4.47,NZ,1713735289
139,champerico,14.3,-91.9167,30.03000000000003,68,7,5.22,GT,1713735332
140,beipiao,41.7919,120.7792,11.890000000000043,63,1,2.89,CN,1713735332
141,santa cecilia,-26.9608,-50.4269,14.470000000000027,83,0,0.78,BR,1713735333
142,colonia,50.9333,6.95,4.980000000000018,74,0,2.57,DE,1713735333
143,lihue,21.9789,-159.3672,26.58000000000004,67,75,6.69,US,1713735334
144,harstad,68.799,16.5293,-0.46999999999997044,64,1,4.37,NO,1713735334
145,piriapolis,-34.8682,-55.2744,18.090000000000032,94,100,4.12,UY,1713735249
146,fort bragg,35.139,-79.006,12.080000000000041,90,100,4.12,US,1713735337
147,punta arenas,-53.15,-70.9167,8.060000000000002,66,0,12.86,CL,1713735164
148,losal,27.4,74.9167,25.83000000000004,32,1,4.86,IN,1713735338
149,qaqortoq,60.7167,-46.0333,0.9600000000000364,83,51,1.86,GL,1713735341
150,yuzhno-kurilsk,44.0306,145.8556,2.430000000000007,97,100,4.85,RU,1713735349
151,talnakh,69.4865,88.3972,-17.109999999999957,99,98,1.8,RU,1713735350
152,chernyshevskiy,63.0128,112.4714,-0.37000000000000455,93,100,1.27,RU,1713735161
153,mel'nikovo,56.5558,84.085,7.360000000000014,87,96,6.82,RU,1713735351
154,fallon,39.4735,-118.7774,26.620000000000005,19,0,2.57,US,1713735351
155,worland,44.0169,-107.9554,20.49000000000001,23,0,3.6,US,1713735353
156,ribeira brava,32.65,-17.0667,19.28000000000003,70,56,1.9,PT,1713735354
157,lata,40.1629,-8.3327,15.600000000000023,72,3,0.66,PT,1713735354
158,el granada,37.5027,-122.4694,30.32000000000005,67,20,6.17,US,1713735355
159,al kharijah,25.4514,30.5464,23.870000000000005,24,0,5.16,EG,1713735355
160,namdrik,5.5994,168.1028,28.360000000000014,84,84,8.85,MH,1713735356
161,bredasdorp,-34.5322,20.0403,16.29000000000002,79,47,2.15,ZA,1713735356
162,veraval,20.9,70.3667,25.5,68,47,6.28,IN,1713735357
163,hilo,19.7297,-155.09,24.49000000000001,92,100,2.06,US,1713735358
164,papatowai,-46.5619,169.4708,8.310000000000002,82,84,8.7,NZ,1713735358
165,bandarbeyla,9.4942,50.8122,28.07000000000005,74,100,2.64,SO,1713735359
166,namie,37.4833,141.0,14.29000000000002,87,100,1.58,JP,1713735360
167,susuman,62.7833,148.1667,-13.899999999999977,99,96,0.89,RU,1713735361
168,gilgit,35.9221,74.3087,10.430000000000007,59,68,1.38,PK,1713735364
169,inowroclaw,52.7989,18.2639,1.7900000000000205,84,76,3.51,PL,1713735365
170,chibougamau,49.9168,-74.3659,-7.2099999999999795,63,100,6.69,CA,1713735210
171,al qadarif,14.0349,35.3834,31.30000000000001,12,96,3.59,SD,1713735367
172,cozumel,20.5083,-86.9458,30.53000000000003,69,75,3.13,MX,1713735076
173,acarau,-2.8856,-40.12,26.220000000000027,86,84,3.85,BR,1713735368
174,kerch,45.3583,36.4758,11.980000000000018,72,3,4.47,UA,1713735368
175,tursunzoda,38.5144,68.2333,16.08000000000004,69,100,3.09,TJ,1713735369
176,varena,54.2167,24.5667,3.420000000000016,90,100,5.53,LT,1713735369
177,bhamo,24.2667,97.2333,22.510000000000048,55,2,1.0,MM,1713735370
178,burshtyn,49.2587,24.6278,5.830000000000041,94,87,4.93,UA,1713735370
179,laguna,38.421,-121.4238,29.74000000000001,41,0,2.57,US,1713735370
180,mount pearl,47.5166,-52.7813,6.580000000000041,93,100,9.77,CA,1713735371
181,veshenskaya,49.6303,41.7334,14.5,78,100,4.47,RU,1713735371
182,palembang,-2.9167,104.7458,25.05000000000001,94,40,1.03,ID,1713735244
183,kibondo,-3.5864,30.7203,17.25,93,82,0.91,TZ,1713735373
184,lompoc,34.6391,-120.4579,23.80000000000001,68,0,5.14,US,1713735373
185,ribeira grande,38.5167,-28.7,15.430000000000007,75,100,2.24,PT,1713735374
186,namibe,-15.1961,12.1522,25.180000000000007,76,78,0.87,AO,1713735374
187,kyshtovka,56.555,76.6271,5.75,85,77,5.36,RU,1713735377
188,lloydminster,53.2835,-110.0016,9.120000000000005,49,100,2.57,CA,1713735184
189,skhirate,33.8498,-7.0404,16.28000000000003,87,0,2.5,MA,1713735380
190,buka,40.8108,69.1986,19.07000000000005,57,89,2.57,UZ,1713735380
191,kapenguria,1.2511,35.0895,14.310000000000002,78,100,2.06,KE,1713735381
192,azov,47.1078,39.4165,13.050000000000011,84,21,4.32,RU,1713735381
193,yellowknife,62.456,-114.3525,11.29000000000002,40,20,3.09,CA,1713735351
194,grand falls-windsor,48.9332,-55.6649,5.680000000000007,73,31,2.56,CA,1713735195
195,ulanhot,46.0833,122.0833,11.640000000000043,67,82,4.31,CN,1713735383
196,villa emilio carranza,19.9667,-96.6,27.560000000000002,83,26,5.37,MX,1713735383
197,richards bay,-28.783,32.0377,21.410000000000025,94,3,1.79,ZA,1713735384
198,dwarka,22.2394,68.9678,26.08000000000004,69,0,5.17,IN,1713735384
199,azul,-36.777,-59.8585,13.770000000000039,61,100,5.47,AR,1713735384
200,mandan,46.8267,-100.8896,18.230000000000018,22,0,8.75,US,1713735385
201,island harbour,50.724,-1.2758,8.32000000000005,66,9,2.24,GB,1713735385
202,bol,13.4586,14.7147,29.99000000000001,40,0,5.88,TD,1713735386
203,galliano,29.4422,-90.2992,22.220000000000027,56,40,7.2,US,1713735387
204,iskateley,67.6803,53.1512,-23.879999999999967,100,47,2.24,RU,1713735179
205,carnarvon,-24.8667,113.6333,22.28000000000003,48,0,7.62,AU,1713735126
206,newman,37.3138,-121.0208,28.970000000000027,45,3,3.13,US,1713735389
207,alice springs,-23.7,133.8833,8.75,81,64,2.57,AU,1713735390
208,alpena,45.0617,-83.4327,12.180000000000007,35,75,5.81,US,1713735391
209,geraldton,-28.7667,114.6,13.230000000000018,82,0,3.6,AU,1713735393
210,wonju,37.3514,127.9453,12.890000000000043,82,100,1.5,KR,1713735393
211,isafjordur,66.0755,-23.124,1.6000000000000227,81,14,5.31,IS,1713735394
212,ullal,12.8,74.85,27.53000000000003,89,75,0.0,IN,1713735394
213,hinton,53.4001,-117.5857,9.350000000000023,44,100,5.98,CA,1713735394
214,kayangel,8.0823,134.7173,28.439999999999998,83,100,9.12,PW,1713735187
215,saipan,15.1355,145.701,28.390000000000043,74,40,5.14,MP,1713735286
216,xining,36.6167,101.7667,6.960000000000036,55,83,1.02,CN,1713735397
217,kill devil hills,36.0307,-75.676,10.0,95,100,8.23,US,1713735272
218,laboulaye,-34.1266,-63.3912,18.99000000000001,91,100,4.03,AR,1713735398
219,fort mcmurray,56.7268,-111.381,17.77000000000004,19,0,3.6,CA,1713735400
220,coyuca de catalan,18.3333,-100.65,43.39000000000004,9,0,1.27,MX,1713735401
221,lethem,3.3803,-59.7968,33.03000000000003,55,20,4.12,GY,1713735401
222,constantia,44.1833,28.65,8.379999999999995,89,82,5.38,RO,1713735402
223,karsun,54.1994,46.9827,15.54000000000002,89,84,3.03,RU,1713735403
224,alesund,62.4723,6.1549,5.970000000000027,87,0,1.03,NO,1713735404
225,nyurba,63.2842,118.3319,0.4200000000000159,95,100,2.06,RU,1713735404
226,nizhnyaya omka,55.4338,74.9426,8.300000000000011,77,64,5.43,RU,1713735404
227,sault ste. marie,46.5168,-84.3333,6.310000000000002,50,0,12.35,CA,1713735138
228,kingston,17.997,-76.7936,30.090000000000032,70,20,7.72,JM,1713735117
229,gizo,-8.103,156.8419,29.05000000000001,74,40,1.53,SB,1713735408
230,tshabong,-26.05,22.45,23.400000000000034,28,0,4.69,BW,1713735410
231,mariental,-24.6333,17.9667,23.629999999999995,24,0,1.66,NA,1713735410
232,pont rouge,48.8833,-72.0825,6.160000000000025,62,100,5.08,CA,1713735143
233,vorgashor,67.5833,63.95,-22.889999999999986,96,12,3.31,RU,1713735411
234,orchard homes,46.8633,-114.0484,13.29000000000002,28,0,8.94,US,1713735412
235,vicuna,-30.0319,-70.7081,14.850000000000023,69,100,1.48,CL,1713735413
236,flin flon,54.7682,-101.865,9.910000000000025,34,20,3.09,CA,1713735413
237,kailua-kona,19.6406,-155.9956,26.980000000000018,81,40,3.6,US,1713735413
238,taoudenni,22.6783,-3.9836,29.900000000000034,11,30,4.9,ML,1713735414
239,manavalakurichi,8.1333,77.3,28.05000000000001,84,33,4.4,IN,1713735415
240,caleta de carquin,-11.0925,-77.6267,22.08000000000004,80,49,3.73,PE,1713735417
241,wailua homesteads,22.0669,-159.378,26.24000000000001,68,75,6.69,US,1713735248
242,bagan,54.1001,77.6646,12.210000000000036,78,37,6.59,RU,1713735418
243,ciudad constitucion,25.0369,-111.6644,28.74000000000001,24,15,6.82,MX,1713735419
244,moss vale,-34.55,150.3833,8.890000000000043,88,0,0.72,AU,1713735419
245,nikolayevsk,50.0282,45.4595,17.560000000000002,71,29,2.09,RU,1713735419
246,utrik,11.2278,169.8474,27.160000000000025,79,91,8.69,MH,1713735420
247,springbok,-29.6643,17.8865,18.189999999999998,43,100,2.2,ZA,1713735420
248,gaalkacyo,6.7697,47.4308,27.760000000000048,69,100,3.9,SO,1713735421
249,galesong,-5.3166,119.3661,25.010000000000048,87,99,2.65,ID,1713735424
250,kourou,5.1552,-52.6478,27.03000000000003,95,100,0.77,GF,1713735425
251,broome,42.2506,-75.833,8.270000000000039,60,100,3.58,US,1713735425
252,ginir,7.1333,40.7,15.379999999999995,86,91,1.38,ET,1713735425
253,latehar,23.75,84.5,26.600000000000023,22,10,2.05,IN,1713735426
254,tukrah,32.5341,20.5791,25.640000000000043,22,99,14.36,LY,1713735427
255,armidale,-30.5167,151.65,10.189999999999998,88,57,5.95,AU,1713735428
256,ojinaga,29.5667,-104.4167,23.53000000000003,46,40,5.14,MX,1713735335
257,urbania,43.6697,12.5201,10.460000000000036,67,100,1.1,IT,1713735428
258,forbes,-33.3833,148.0167,17.180000000000007,70,0,2.46,AU,1713735429
259,valle hermoso,25.6667,-97.8333,20.920000000000016,83,100,7.19,MX,1713735429
260,arkhangel'sk,64.5401,40.5433,-3.9399999999999977,80,40,5.0,RU,1713735170
261,baruun-urt,46.6806,113.2792,1.7700000000000387,61,84,5.86,MN,1713735431
262,gutao,37.2025,112.1781,15.350000000000023,57,93,2.17,CN,1713735431
263,verkhniy baskunchak,48.2256,46.7217,18.78000000000003,64,34,6.61,RU,1713735432
264,tadine,-21.55,167.8833,23.650000000000034,91,100,8.45,NC,1713735432
265,ha'il,27.5219,41.6907,24.010000000000048,33,0,7.2,SA,1713735432
266,puerto carreno,6.189,-67.4859,28.99000000000001,74,40,7.2,CO,1713735433
267,koshekhabl',44.8972,40.5119,11.310000000000002,76,0,1.92,RU,1713735433
268,amboasary,-25.0333,46.3833,19.379999999999995,88,0,1.13,MG,1713735434
269,maumere,-8.6199,122.2111,26.470000000000027,84,97,2.34,ID,1713735434
270,qrendi,35.8347,14.4583,15.060000000000002,82,20,3.09,MT,1713735435
271,christchurch,-43.5333,172.6333,15.510000000000048,83,40,5.14,NZ,1713735435
272,tazacorte,28.629,-17.9293,19.54000000000002,79,100,4.12,ES,1713735436
273,lockwood,45.8191,-108.4149,21.340000000000032,25,100,5.66,US,1713735437
274,nova sintra,14.8667,-24.7167,22.850000000000023,72,11,7.37,CV,1713735437
275,opochka,56.7105,28.6617,5.610000000000014,93,100,5.73,RU,1713735438
276,huarmey,-10.0681,-78.1522,22.379999999999995,79,87,3.68,PE,1713735445
277,santa vitoria do palmar,-33.5189,-53.3681,19.03000000000003,91,99,3.85,BR,1713735445
278,gemena,3.25,19.7667,27.28000000000003,61,100,0.91,CD,1713735447
279,dul'durga,50.6761,113.5931,2.390000000000043,95,100,3.38,RU,1713735447
280,candido mendes,-1.4467,-45.7167,24.450000000000045,97,100,1.0,BR,1713735448
281,anadyr,64.75,177.4833,-9.439999999999998,61,100,9.83,RU,1713735448
282,puerto ayacucho,5.6639,-67.6236,28.74000000000001,78,82,2.99,VE,1713735448
283,tamworth,52.634,-1.6959,7.689999999999998,70,52,1.96,GB,1713735449
284,hami,42.8,93.45,13.620000000000005,13,51,9.74,CN,1713735449
285,buenaventura,3.8801,-77.0312,24.710000000000036,93,100,0.98,CO,1713735450
286,thinadhoo,0.5333,72.9333,28.99000000000001,72,79,1.09,MV,1713735450
287,lebu,-37.6167,-73.65,14.120000000000005,78,100,6.61,CL,1713735450
288,salinas,36.6777,-121.6555,28.650000000000034,64,0,6.17,US,1713735451
289,teknaf,20.8624,92.3058,27.890000000000043,83,97,2.0,BD,1713735451
290,puerto deseado,-47.7503,-65.8938,7.82000000000005,58,6,4.75,AR,1713735458
291,lazaro cardenas,17.9583,-102.2,28.090000000000032,57,0,4.97,MX,1713735459
292,port douglas,-16.4833,145.4667,25.0,75,96,5.38,AU,1713735460
293,ves'yegonsk,58.664,37.2604,9.180000000000007,67,97,5.39,RU,1713735461
294,northam,51.0333,-4.2167,7.560000000000002,84,98,2.02,GB,1713735461
295,aasiaat,68.7098,-52.8699,0.5,93,100,2.79,GL,1713735461
296,ubari,26.5921,12.7805,29.200000000000045,10,100,6.22,LY,1713735469
297,galle,6.0367,80.217,27.150000000000034,84,73,1.76,LK,1713735338
298,punta cardon,11.6581,-70.215,28.05000000000001,72,82,11.91,VE,1713735470
299,manga,11.6636,-1.0731,33.710000000000036,37,93,6.56,BF,1713735471
300,pangoa,-12.1167,-73.0,27.78000000000003,73,43,0.68,PE,1713735471
301,gamba,-2.65,10.0,25.640000000000043,93,86,3.19,GA,1713735472
302,voi,-3.3945,38.563,22.420000000000016,82,100,2.64,KE,1713735472
303,yarmouth,41.7057,-70.2286,10.54000000000002,63,0,7.72,US,1713735246
304,leh,34.1667,77.5833,-7.529999999999973,71,60,2.05,IN,1713735473
305,warmbad,-28.45,18.7333,24.03000000000003,23,86,3.69,NA,1713735473
306,general conesa,-40.1,-64.4333,12.810000000000002,44,99,5.99,AR,1713735475
307,zhongxiang,31.1661,112.5831,17.560000000000002,71,58,1.36,CN,1713735476
308,jabor,5.921,169.6434,28.210000000000036,84,98,9.5,MH,1713735476
309,plastun,44.7561,136.2939,3.7000000000000455,79,100,1.33,RU,1713735477
310,broken hill,-31.95,141.4333,14.189999999999998,46,0,3.4,AU,1713735480
311,nizhnesortymskiy,62.4397,71.7603,-7.3799999999999955,95,82,4.69,RU,1713735481
312,qaisumah,28.3112,46.1273,25.980000000000018,24,0,5.14,SA,1713735482
313,palmer,42.1584,-72.3287,9.79000000000002,36,100,5.66,US,1713735482
314,el nido,11.1858,119.3956,28.120000000000005,82,45,4.71,PH,1713735484
315,sao joao da barra,-21.6403,-41.0511,22.05000000000001,66,8,3.85,BR,1713735484
316,camiri,-20.05,-63.5167,28.879999999999995,61,100,0.0,BO,1713735488
317,al fashn,28.8243,30.8995,21.25,44,0,6.12,EG,1713735488
318,tomatlan,19.9333,-105.25,31.54000000000002,34,0,4.86,MX,1713735488
319,mahad,18.0833,73.4167,26.760000000000048,61,2,0.84,IN,1713735489
320,howard springs,-12.497,131.047,22.950000000000045,67,92,2.89,AU,1713735246
321,hadibu,12.65,54.0333,27.629999999999995,80,12,2.47,YE,1713735489
322,pandan,14.0453,124.1694,26.600000000000023,83,20,3.8,PH,1713735490
323,kiunga,-6.1219,141.2906,24.08000000000004,100,100,0.3,PG,1713735490
324,anna regina,7.2644,-58.5077,26.600000000000023,74,99,3.77,GY,1713735491
325,aylmer,42.7668,-80.983,12.090000000000032,40,57,5.5,CA,1713735492
326,tazovsky,67.4667,78.7,-24.95999999999998,100,91,3.2,RU,1713735493
327,kambove,-10.8764,26.5969,16.700000000000045,88,30,1.08,CD,1713735493
328,ar rabiyah,29.295,47.9331,25.99000000000001,67,100,4.62,KW,1713735494
329,pangody,65.85,74.4859,-17.45999999999998,94,100,5.83,RU,1713735494
330,gornopravdinsk,60.05,69.9,0.6000000000000227,91,32,3.95,RU,1713735494
331,el calafate,-50.3408,-72.2768,4.439999999999998,74,7,2.46,AR,1713735247
332,saynshand,44.8824,110.1163,2.420000000000016,52,2,3.85,MN,1713735495
333,languyan,5.2618,120.0807,26.060000000000002,86,77,0.46,PH,1713735496
334,betare oya,5.6,14.0833,23.560000000000002,75,82,0.17,CM,1713735496
335,sale,34.0389,-6.8166,16.460000000000036,94,4,0.0,MA,1713735496
336,village of oak creek (big park),34.7809,-111.7623,30.980000000000018,14,40,0.89,US,1713735497
337,makarov,48.6333,142.8,2.4600000000000364,99,100,2.74,RU,1713735519
338,kiruna,67.8557,20.2251,-17.48999999999998,78,96,2.57,SE,1713735520
339,chauk,20.8833,94.8167,28.350000000000023,69,52,2.61,MM,1713735523
340,belaya kholunitsa,58.84,50.8528,7.560000000000002,63,98,3.02,RU,1713735524
341,vuktyl,63.8567,57.3094,-2.159999999999968,88,74,3.58,RU,1713735524
342,rio preto da eva,-2.6994,-59.6997,22.77000000000004,99,100,1.0,BR,1713735525
343,uyo,5.0333,7.9266,26.230000000000018,86,98,0.83,NG,1713735526
344,bubaque,11.2833,-15.8333,25.160000000000025,71,18,8.17,GW,1713735527
345,weno,7.4515,151.8468,27.970000000000027,89,75,2.06,FM,1713735534
346,nha trang,12.25,109.1833,29.0,82,19,1.87,VN,1713735535
347,mandiana,10.6333,-8.6833,26.670000000000016,64,79,4.02,GN,1713735535
348,naze,28.3667,129.4833,21.510000000000048,94,100,2.39,JP,1713735243
349,bodo,67.28,14.405,1.5400000000000205,44,0,8.75,NO,1713735538
350,camacupa,-12.0167,17.4833,19.100000000000023,66,91,1.5,AO,1713735432
351,pamandzi,-12.7967,45.2794,27.879999999999995,83,0,3.09,YT,1713735539
352,la ronge,55.1001,-105.2842,14.140000000000043,14,40,3.09,CA,1713735539
353,kaduy,59.2,37.15,9.689999999999998,64,100,5.55,RU,1713735540
354,mangochi,-14.4782,35.2645,19.410000000000025,81,15,2.24,MW,1713735541
355,deder,9.3167,41.45,14.850000000000023,81,83,0.12,ET,1713735548
356,reggane,26.7158,0.1714,27.439999999999998,8,34,5.33,DZ,1713735548
357,eregli,37.5133,34.0467,13.680000000000007,53,31,1.6,TR,1713735549
358,klyuchi,52.2667,79.1667,13.439999999999998,62,9,4.49,RU,1713735549
359,kikwit,-5.041,18.8162,24.410000000000025,84,64,0.82,CD,1713735550
360,mournies,35.4764,24.0092,15.460000000000036,77,40,1.54,GR,1713735550
361,pacasmayo,-7.4006,-79.5714,21.860000000000014,80,99,5.0,PE,1713735554
362,santa terezinha,-29.9002,-50.0904,21.27000000000004,77,82,3.21,BR,1713735554
363,brigantine,39.4101,-74.3646,11.220000000000027,48,0,5.66,US,1713735316
364,bogale,16.2833,95.4,26.260000000000048,84,51,3.76,MM,1713735555
365,vila franca do campo,37.7167,-25.4333,18.27000000000004,99,100,1.95,PT,1713735556
366,kuala terengganu,5.3302,103.1408,26.970000000000027,94,20,1.54,MY,1713735556
367,vila velha,-20.3297,-40.2925,24.970000000000027,73,0,3.09,BR,1713735383
368,baranivka,50.2969,27.6622,4.990000000000009,86,100,6.53,UA,1713735557
369,katsuura,35.1333,140.3,15.010000000000048,89,100,7.69,JP,1713735557
370,tsiombe,-25.3,45.4833,18.620000000000005,91,0,1.29,MG,1713735557
371,palikir - national government center,6.9248,158.1611,28.410000000000025,79,100,5.14,FM,1713735558
372,toamasina,-18.1667,49.3833,24.0,100,75,0.0,MG,1713735558
373,nchelenge,-9.3451,28.734,21.560000000000002,85,47,1.79,ZM,1713735559
374,uliastay,47.7417,96.8444,-4.199999999999989,46,2,0.98,MN,1713735559
375,puerto leguizamo,-0.1934,-74.7819,26.680000000000007,93,98,0.24,CO,1713735567
376,uribia,11.7139,-72.266,33.120000000000005,45,94,7.8,CO,1713735377
377,haiku-pauwela,20.9219,-156.3051,26.230000000000018,68,40,7.72,US,1713735562
378,el colomo,19.05,-104.25,26.640000000000043,62,36,3.81,MX,1713735568
379,mount isa,-20.7333,139.5,17.870000000000005,52,68,4.63,AU,1713735569
380,necochea,-38.5473,-58.7368,13.210000000000036,51,98,4.0,AR,1713735569
381,ust'-kulom,61.6864,53.6902,-2.2999999999999545,95,99,1.29,RU,1713735570
382,praia da vitoria,38.7333,-27.0667,17.140000000000043,88,75,0.35,PT,1713735571
383,altay,47.8667,88.1167,8.379999999999995,35,6,3.6,CN,1713735518
384,kenai,60.5544,-151.2583,9.050000000000011,49,100,4.12,US,1713735572
385,sarmiento,-45.5882,-69.07,8.010000000000048,40,0,2.46,AR,1713735572
386,namtsy,62.7161,129.6658,-1.3100000000000023,89,97,3.72,RU,1713735573
387,harburg,53.4667,9.9833,5.010000000000048,76,100,3.09,DE,1713735574
388,errachidia,31.9275,-4.4285,15.03000000000003,51,20,1.54,MA,1713735574
389,laojunmiao,39.8333,97.7333,3.650000000000034,32,17,1.9,CN,1713735575
390,fale old settlement,-9.3852,-171.2468,29.629999999999995,76,48,5.16,TK,1713735495
391,shalkar,47.8288,59.6258,17.450000000000045,43,0,5.83,KZ,1713735576
392,kenora,49.8167,-94.4337,12.54000000000002,32,40,6.17,CA,1713735576
393,oroqen zizhiqi,50.5667,123.7167,6.970000000000027,86,100,1.12,CN,1713735576
394,alpine,32.835,-116.7664,29.75,57,0,3.13,US,1713735578
395,east london,-33.0153,27.9116,22.660000000000025,92,100,8.16,ZA,1713735414
396,ust'-kalmanka,52.1207,83.305,10.020000000000039,54,55,3.88,RU,1713735583
397,timimoun,29.2639,0.231,26.210000000000036,21,0,3.6,DZ,1713735585
398,axim,4.8699,-2.2405,28.629999999999995,83,50,4.31,GH,1713735585
399,turiacu,-1.6633,-45.3717,24.730000000000018,95,100,1.54,BR,1713735585
400,mtambile,-5.3833,39.7,26.25,83,89,3.91,TZ,1713735586
401,rebrikha,53.0733,82.3408,12.230000000000018,65,77,5.84,RU,1713735586
402,east ballina,-28.8667,153.5833,17.110000000000014,68,100,8.72,AU,1713735586
403,babana,10.4295,3.815,28.460000000000036,62,100,3.56,NG,1713735587
404,la'ie,21.6477,-157.9253,26.980000000000018,69,6,4.02,US,1713735592
405,pasvalys,56.0594,24.4036,3.420000000000016,84,100,6.73,LT,1713735592
406,ebetsu,43.1081,141.5506,7.2900000000000205,67,88,4.63,JP,1713735592
407,blythe,33.6103,-114.5964,36.25,11,0,3.09,US,1713735596
408,port isabel,26.0734,-97.2086,21.120000000000005,84,100,9.39,US,1713735597
409,muynoq,43.7683,59.0214,21.760000000000048,35,2,2.14,UZ,1713735598
410,cartagena,10.3997,-75.5144,30.79000000000002,70,20,2.57,CO,1713735456
411,huanta,-12.9333,-74.25,25.220000000000027,47,43,1.64,PE,1713735598
412,kincardine,56.0667,-3.7167,10.450000000000045,97,100,1.04,GB,1713735602
413,launceston,-41.45,147.1667,12.860000000000014,93,100,1.03,AU,1713735604
414,baikunthpur,23.25,82.55,26.02000000000004,32,94,1.8,IN,1713735604
415,farim,12.4839,-15.2217,27.900000000000034,39,15,3.3,GW,1713735604
416,flying fish cove,-10.4217,105.6791,24.82000000000005,100,100,3.6,CX,1713735606
417,el bauga,18.262,33.9081,28.629999999999995,7,0,7.21,SD,1713735607
418,petropavlovka,50.6114,105.3196,0.3100000000000023,56,99,4.75,RU,1713735608
419,crane,31.3974,-102.3501,15.57000000000005,52,100,5.16,US,1713735529
420,mesquite,32.7668,-96.5992,20.450000000000045,43,0,4.12,US,1713735608
421,mata-utu,-13.2816,-176.1745,29.260000000000048,77,82,4.86,WF,1713735609
422,arno,60.1167,18.6333,-0.12000000000000455,71,99,7.23,SE,1713735609
423,olanchito,15.5,-86.5667,29.910000000000025,52,20,3.32,HN,1713735611
424,djambala,-2.5447,14.7533,23.79000000000002,77,100,1.17,CG,1713735612
425,pikalevo,59.5183,34.1664,7.480000000000018,79,100,5.86,RU,1713735612
426,tsetserleg,47.475,101.4542,-4.089999999999975,78,90,1.68,MN,1713735613
427,sinop,41.7711,34.8709,7.900000000000034,77,15,4.08,TR,1713735510
428,dalton,34.7698,-84.9702,17.210000000000036,47,0,5.14,US,1713735400
429,bardai,11.65,7.2333,27.970000000000027,44,81,2.8,NG,1713735614
430,aksu,41.1231,80.2644,18.620000000000005,32,99,1.47,CN,1713735513
431,pariaman,-0.619,100.12,26.03000000000003,81,97,1.33,ID,1713735615
432,tangalle,6.024,80.7911,27.090000000000032,87,71,2.45,LK,1713735615
433,hashtrud,37.4779,47.0508,10.439999999999998,64,73,0.83,IR,1713735616
434,whangarei,-35.7317,174.3239,17.930000000000007,68,70,3.96,NZ,1713735617
435,kidal,18.4411,1.4078,32.28000000000003,8,2,4.34,ML,1713735617
436,bamboo flat,11.7,92.7167,26.05000000000001,89,20,1.03,IN,1713735625
437,divnoye,45.9089,43.3547,13.400000000000034,68,100,6.71,RU,1713735626
438,cusseta,32.3054,-84.7727,18.560000000000002,66,52,5.67,US,1713735630
439,icano,-28.9193,-65.3282,25.370000000000005,64,84,1.59,AR,1713735630
440,dudinka,69.4058,86.1778,-16.849999999999966,99,94,1.34,RU,1713735631
441,tansen,27.8673,83.5467,18.189999999999998,26,100,2.44,NP,1713735631
442,angra do heroismo,38.65,-27.2167,17.340000000000032,93,75,1.17,PT,1713735631
443,wladyslawowo,54.7909,18.4009,3.0400000000000205,64,100,7.43,PL,1713735633
444,plettenberg bay,-34.0527,23.3716,18.140000000000043,94,100,2.52,ZA,1713735633
445,zwedru,6.0667,-8.1281,24.670000000000016,95,99,2.25,LR,1713735634
446,taroa,8.7058,171.2275,27.840000000000032,81,88,8.26,MH,1713735635
447,vlore,40.4667,19.4897,12.340000000000032,76,3,2.11,AL,1713735635
448,fort abbas,29.1925,72.8536,27.140000000000043,26,9,4.16,PK,1713735636
449,kavieng,-2.5744,150.7967,29.189999999999998,69,20,3.4,PG,1713735636
450,sinabang,2.4803,96.3801,26.879999999999995,88,100,1.74,ID,1713735636
451,buckhannon,38.994,-80.232,10.580000000000041,50,100,0.89,US,1713735637
452,al jawf,29.5,38.75,22.05000000000001,22,3,5.76,SA,1713735513
453,al hudaydah,14.7978,42.9545,29.910000000000025,71,67,3.93,YE,1713735639
454,kalmunai,7.4167,81.8167,26.890000000000043,88,80,2.83,LK,1713735639
455,alofi,-19.0595,-169.9187,27.939999999999998,74,75,4.12,NU,1713735639
456,colesberg,-30.72,25.0972,19.75,34,100,3.87,ZA,1713735640
457,tatishchevo,51.6703,45.5953,19.55000000000001,80,67,3.44,RU,1713735641
458,azna,33.6095,48.9307,11.020000000000039,84,91,0.71,IR,1713735642
459,shalqar,47.8333,59.6,17.49000000000001,42,0,5.81,KZ,1713735643
460,igarka,67.4667,86.5833,-14.42999999999995,96,100,1.34,RU,1713735644
461,shimoda,34.6667,138.95,15.060000000000002,96,100,8.26,JP,1713735644
462,mogadishu,2.0371,45.3438,26.610000000000014,78,100,4.32,SO,1713735379
463,nikolayevsk-on-amure,53.1406,140.73,-3.769999999999982,98,99,0.89,RU,1713735645
464,sakakah,29.9697,40.2064,24.760000000000048,42,0,2.61,SA,1713735646
465,bougouni,11.417,-7.479,28.060000000000002,62,54,5.49,ML,1713735647
466,osorno,-40.5667,-73.15,12.170000000000016,71,0,2.57,CL,1713735492
467,visby,57.6409,18.296,0.5800000000000409,80,75,5.66,SE,1713735642
468,batticaloa,7.7102,81.6924,27.02000000000004,88,89,2.97,LK,1713735653
469,dolores,-36.3132,-57.6792,14.79000000000002,54,100,6.36,AR,1713735655
470,dali,25.7,100.1833,11.360000000000014,76,39,1.71,CN,1713735655
471,verkhnevilyuysk,63.4453,120.3167,0.12999999999999545,91,100,1.91,RU,1713735655
472,tamanrasset,22.785,5.5228,25.950000000000045,9,0,2.57,DZ,1713735461
473,la passe,45.5549,-0.8967,9.129999999999995,78,9,5.95,FR,1713735658
474,usogorsk,63.4106,48.6872,-3.519999999999982,96,91,1.48,RU,1713735658
475,lautoka,-17.6167,177.4667,28.920000000000016,70,75,1.03,FJ,1713735658
476,capinota,-17.7167,-66.2333,29.670000000000016,33,0,2.88,BO,1713735659
477,niquero,20.0431,-77.5828,29.420000000000016,57,6,4.22,CU,1713735662
478,magadan,59.5667,150.8,-3.0399999999999636,83,22,0.1,RU,1713735550
479,kiffa,16.6166,-11.4045,34.31,10,3,5.26,MR,1713735663
480,antofagasta,-23.65,-70.4,21.600000000000023,80,10,2.85,CL,1713735501
481,panguipulli,-39.6333,-72.3333,11.200000000000045,84,97,0.25,CL,1713735663
482,roma,43.2128,-75.4557,8.54000000000002,52,100,5.66,US,1713735664
483,praia,14.9215,-23.5087,23.30000000000001,64,20,7.2,CV,1713735664
484,lorengau,-2.0226,147.2712,28.80000000000001,69,32,2.26,PG,1713735680
485,santiago de cao,-7.9589,-79.2392,22.07000000000005,73,75,4.12,PE,1713735680
486,khalis,33.82,44.5264,24.02000000000004,38,85,5.65,IQ,1713735696
487,awjilah,29.1081,21.2869,25.80000000000001,17,100,5.44,LY,1713735576
488,herkimer,43.0256,-74.986,7.8799999999999955,61,97,4.02,US,1713735699
489,guane,22.2025,-84.0875,29.840000000000032,54,16,1.21,CU,1713735701
490,kangding,30.0513,101.9603,6.680000000000007,95,100,1.09,CN,1713735482
491,saint-pol-de-leon,48.6833,-3.9833,8.700000000000045,63,3,1.79,FR,1713735702
492,osh,40.5151,72.8083,15.360000000000014,82,75,2.0,KG,1713735702
493,bonthe,7.5264,-12.505,27.510000000000048,85,99,2.51,SL,1713735703
494,sitka,57.0531,-135.33,10.939999999999998,62,100,2.06,US,1713735704
495,toledo,39.8333,-4.0,14.470000000000027,48,5,3.64,ES,1713735704
496,keflavik,64.0049,-22.5624,4.9500000000000455,87,20,3.09,IS,1713735712
497,nelson bay,-32.7167,152.15,18.33000000000004,62,99,3.92,AU,1713735712
498,miracema do tocantins,-9.5618,-48.3967,25.25,91,100,2.19,BR,1713735712
499,segezha,63.7415,34.3222,-8.71999999999997,91,91,3.43,RU,1713735714
500,turpan,42.9333,89.1667,22.04000000000002,18,0,1.45,CN,1713735478
501,paita,-5.0892,-81.1144,24.53000000000003,73,90,5.96,PE,1713735591
502,myitkyina,25.3833,97.4,19.840000000000032,90,96,1.65,MM,1713735716
503,yangon,16.8053,96.1561,27.980000000000018,83,20,2.06,MM,1713735716
504,khorixas,-20.3667,14.9667,24.670000000000016,31,0,0.89,NA,1713735717
505,bikenibeu village,1.3673,173.1241,29.980000000000018,84,40,3.6,KI,1713735717
506,nuuk,64.1835,-51.7216,1.3400000000000318,100,100,17.49,GL,1713735575
507,kashgar,39.4547,75.9797,19.560000000000002,32,20,4.0,CN,1713735719
508,juanjui,-7.1779,-76.7314,29.840000000000032,63,100,1.15,PE,1713735536
509,sokoni,-6.4333,39.55,27.210000000000036,80,100,5.03,TZ,1713735721
510,paratinga,-12.6906,-43.1842,27.99000000000001,55,100,3.12,BR,1713735494
511,rongelap,11.1635,166.8941,27.379999999999995,80,73,7.78,MH,1713735494
512,gadzhiyevo,69.2551,33.3362,-12.949999999999989,89,57,2.66,RU,1713735722
513,tura,25.5198,90.2201,23.910000000000025,95,37,3.12,IN,1713735722
514,port saint john's,-31.6229,29.5448,21.900000000000034,92,100,3.88,ZA,1713735674
515,veinticinco de mayo,-35.4323,-60.1727,16.660000000000025,67,100,3.58,AR,1713735726
516,kilindoni,-7.9139,39.6668,26.79000000000002,84,97,6.47,TZ,1713735727
517,levuka,50.1834,-105.4011,18.900000000000034,25,90,7.28,CA,1713735727
518,urangan,-25.3,152.9,22.890000000000043,79,100,2.24,AU,1713735727
519,nar'yan-mar,67.6713,53.087,-23.829999999999984,100,46,2.24,RU,1713735571
520,smirnykh,49.75,142.8333,3.230000000000018,82,100,3.81,RU,1713735731
521,gebeit,21.0667,36.3167,21.920000000000016,31,0,1.76,SD,1713735734
522,aykhal,66.0,111.5,-0.46999999999997044,99,100,0.67,RU,1713735604
523,magong,23.5654,119.5863,25.060000000000002,99,100,5.66,TW,1713735735
524,warman,52.3168,-106.5679,14.950000000000045,33,100,6.17,CA,1713735737
525,cold lake,54.4502,-110.2017,13.970000000000027,23,100,5.14,CA,1713735737
526,saint-leu,-21.15,55.2833,24.460000000000036,85,9,0.79,RE,1713735737
527,brisas de zicatela,15.8369,-97.0419,30.29000000000002,58,0,2.57,MX,1713735738
528,barbastro,42.0356,0.1269,12.100000000000023,51,0,3.98,ES,1713735738
529,nema,57.5067,50.5011,9.650000000000034,58,62,3.71,RU,1713735738
530,margarita belen,-27.2616,-58.9722,30.970000000000027,76,0,2.76,AR,1713735739
531,hirara,24.8,125.2833,25.920000000000016,100,75,4.12,JP,1713735739
532,pemba,-12.974,40.5178,26.390000000000043,83,40,3.6,MZ,1713735740
533,melfort,52.8667,-104.6177,12.07000000000005,37,80,6.17,CA,1713735740
534,kisi,9.0833,3.85,25.950000000000045,76,100,1.37,NG,1713735741
535,uglegorsk,49.0833,142.0333,3.660000000000025,92,100,5.51,RU,1713735741
536,i-n-salah,27.1935,2.4607,28.07000000000005,11,9,4.52,DZ,1713735741
537,homer,59.6425,-151.5483,6.5400000000000205,81,100,5.14,US,1713735742
538,babolsar,36.7025,52.6576,20.180000000000007,66,100,1.8,IR,1713735742
539,senador jose porfirio,-2.5908,-51.9542,25.660000000000025,90,75,1.31,BR,1713735743
540,taupo,-38.6833,176.0833,12.460000000000036,80,56,3.56,NZ,1713735743
541,el jadid,33.2549,-8.506,16.75,86,4,4.97,MA,1713735743
542,hecun,36.5333,114.1111,16.460000000000036,61,36,1.85,CN,1713735744
543,nantucket,41.2835,-70.0995,9.080000000000041,66,0,7.72,US,1713735692
544,tacotalpa,17.6,-92.8167,35.94,30,19,8.19,MX,1713735745
545,zaozersk,69.4005,32.4476,-14.849999999999966,92,52,2.48,RU,1713735745
546,kalabo,-14.97,22.6814,19.920000000000016,45,0,2.17,ZM,1713735745
547,mukwonago,42.8667,-88.3334,15.060000000000002,37,0,8.23,US,1713735746
548,rakops,-21.0167,24.3333,23.260000000000048,37,3,2.17,BW,1713735747
549,san andres,12.5847,-81.7006,30.010000000000048,70,20,4.63,CO,1713735748
550,dryden,49.7833,-92.7503,10.160000000000025,37,0,5.14,CA,1713735714
551,queenstown,-31.8976,26.8753,20.230000000000018,37,100,2.87,ZA,1713735748
552,cururupu,-1.8283,-44.8683,24.100000000000023,100,100,0.67,BR,1713735749
553,kananga,-5.8958,22.4178,23.010000000000048,88,76,1.26,CD,1713735749
554,plouzane,48.3833,-4.6167,8.03000000000003,71,0,5.14,FR,1713735751
555,lai chau,22.3997,103.4517,18.79000000000002,45,33,1.24,VN,1713735751
556,helena,46.5927,-112.0361,15.550000000000011,37,0,11.83,US,1713735632
557,phan thiet,10.9333,108.1,25.02000000000004,86,5,1.21,VN,1713735736
558,la jagua de ibirico,9.5623,-73.3341,27.180000000000007,82,97,2.29,CO,1713735753
559,qui nhon,13.7667,109.2333,25.28000000000003,88,93,3.41,VN,1713735754
560,floro,61.5996,5.0328,4.0400000000000205,81,39,2.06,NO,1713735754
561,umluj,25.0213,37.2685,25.760000000000048,48,0,2.84,SA,1713735754
562,fasano,40.8344,17.3584,11.450000000000045,75,1,1.93,IT,1713735755
563,ma'rib,15.4591,45.3253,23.99000000000001,57,82,3.99,YE,1713735755
564,midvagur,62.0511,-7.1939,7.460000000000036,76,40,5.66,FO,1713735757
565,papao,-17.75,-149.55,25.82000000000005,71,59,0.96,PF,1713735757
566,ambagarh chauki,20.7833,80.7167,31.74000000000001,35,99,7.96,IN,1713735757
567,tindouf,27.6711,-8.1474,23.25,28,41,8.23,DZ,1713735758
568,pierre,44.3683,-100.351,18.510000000000048,26,0,6.17,US,1713735759
569,tarawa,1.419,172.984,30.05000000000001,84,40,3.6,KI,1713735759
570,oudtshoorn,-33.5907,22.2014,16.200000000000045,71,100,0.71,ZA,1713735759
571,boa vista,2.8197,-60.6733,25.99000000000001,89,40,4.63,BR,1713735723
572,sao jose do rio pardo,-21.5956,-46.8886,18.77000000000004,63,0,2.53,BR,1713735760
573,sotouboua,8.5667,0.9833,24.02000000000004,89,100,3.76,TG,1713735470
574,kharp,66.8014,65.8081,-24.599999999999966,97,39,3.27,RU,1713735761
575,manicore,-5.8092,-61.3003,23.860000000000014,99,98,1.46,BR,1713735762
576,phalaborwa,-23.943,31.1411,22.08000000000004,45,2,0.8,ZA,1713735762
577,kichmengskiy gorodok,59.9816,45.7854,9.970000000000027,64,99,2.24,RU,1713735762
